<?xml version='1.0' encoding='utf-8'?>
<project xmlns="http://www.plcopen.org/xml/tc6_0201" xmlns:xsd="http://www.w3.org/2001/XMLSchema" xmlns:xhtml="http://www.w3.org/1999/xhtml" xmlns:ns1="http://www.plcopen.org/xml/tc6_0201">
  <fileHeader companyName="Unknown" productName="Unnamed" productVersion="1" creationDateTime="2023-10-17T07:56:28"/>
  <contentHeader name="Unnamed" modificationDateTime="2023-10-17T10:02:17">
    <coordinateInfo>
      <fbd>
        <scaling x="10" y="10"/>
      </fbd>
      <ld>
        <scaling x="10" y="10"/>
      </ld>
      <sfc>
        <scaling x="10" y="10"/>
      </sfc>
    </coordinateInfo>
  </contentHeader>
  <types>
    <dataTypes/>
    <pous>
      <pou name="plc1" pouType="program">
        <interface>
          <localVars>
            <variable name="ColorSensor_RED" address="%IW0">
              <type>
                <INT/>
              </type>
            </variable>
            <variable name="ColorSensor_GREEN" address="%IW1">
              <type>
                <INT/>
              </type>
            </variable>
            <variable name="ColorSensor_BLUE" address="%IW2">
              <type>
                <INT/>
              </type>
            </variable>
            <variable name="RangeSensor" address="%IW3">
              <type>
                <INT/>
              </type>
            </variable>
            <variable name="Pump" address="%QX0.4">
              <type>
                <BOOL/>
              </type>
              <initialValue>
                <simpleValue value="False"/>
              </initialValue>
            </variable>
            <variable name="treatmentComplete" address="%IX100.0">
              <type>
                <BOOL/>
              </type>
              <initialValue>
                <simpleValue value="False"/>
              </initialValue>
              <documentation>
                <xhtml:p><![CDATA[Value received from PLC2]]></xhtml:p>
              </documentation>
            </variable>
          </localVars>
          <localVars>
            <variable name="desiredDistanceFill">
              <type>
                <REAL/>
              </type>
              <initialValue>
                <simpleValue value="7.0"/>
              </initialValue>
            </variable>
            <variable name="measuredDistance">
              <type>
                <REAL/>
              </type>
            </variable>
          </localVars>
        </interface>
        <body>
          <ST>
            <xhtml:p><![CDATA[
(*Workaround to distance measure bug*)
measuredDistance := INT_TO_REAL(RangeSensor)/100.0;
desiredDistanceFill := 7.0;

IF treatmentComplete THEN
        IF measuredDistance > desiredDistanceFill THEN
          Pump := TRUE;
        ELSE
          Pump := FALSE;
        END_IF;
END_IF;]]></xhtml:p>
          </ST>
        </body>
      </pou>
    </pous>
  </types>
  <instances>
    <configurations>
      <configuration name="Config0">
        <resource name="Res0">
          <task name="task0" priority="0" interval="T#20ms">
            <pouInstance name="instance0" typeName="plc1"/>
          </task>
        </resource>
      </configuration>
    </configurations>
  </instances>
</project>
